id_sistema,dimension,coeficientes_matriz,terminos_independientes
s1,2,4;-1#-1;3,-13;6
s2,3,8;-2;-3#1;5;-3#-3;2;-7,-8;20;38
s3,4,6;1;-1;2#2;-6;0;1#3;0;6;-2#-2;-1;0;5,2;-19;-23;4
s4,5,-4;-1;0;-1;-1#-3;12;3;-2;3#-1;-1;8;1;2#2;3;0;8;-2#3;2;-2;1;-10,-6;23;-27;38;57
s5,6,9;1;-2;0;3;1#-1;9;-2;-1;-3;1#2;-3;14;0;-3;-3#0;-3;2;-10;-2;1#3;1;-3;-2;12;2#3;3;1;-1;-1;12,8;-29;8;-13;-35;5
s6,7,11;-1;-1;2;-1;-2;-3#3;11;-1;1;-1;-3;-1#-1;-3;-11;-2;2;0;-2#-1;-1;-1;13;2;2;3#2;-1;2;3;13;1;1#1;-3;1;-3;2;15;3#-2;3;-1;-1;-1;1;-10,53;-21;-9;39;-5;15;24
s7,8,12;-2;1;1;3;1;0;2#2;-16;1;3;-3;2;0;3#3;-2;17;3;-3;3;1;-1#0;0;-1;7;0;-1;-1;-3#1;-1;2;-2;14;3;-3;-1#3;-1;3;0;-1;-13;-3;0#2;2;-1;1;0;-3;11;1#-3;1;0;-3;1;-1;0;12,52;42;46;-33;21;-9;-43;6
s8,9,-15;-3;0;-3;3;-3;-1;0;0#-1;19;3;2;-3;0;2;3;-2#1;0;8;0;0;1;0;1;-2#2;2;0;12;0;2;1;-1;3#-3;-2;-3;1;-19;3;-1;2;-3#1;0;-1;0;3;14;3;2;2#-3;-1;-1;-1;1;-2;15;-2;-1#-2;-3;1;0;0;1;3;16;-3#1;0;-2;1;-1;-2;-2;0;-12,65;-5;34;-54;13;42;-24;56;30
s9,10,19;2;2;0;-3;1;2;-1;-3;-2#1;22;0;-3;3;2;-2;-3;-3;3#-3;0;18;-3;-2;3;-1;1;0;3#-2;0;2;-20;3;-2;2;2;-3;1#2;-3;-2;3;22;3;-1;-2;-3;-1#1;0;0;-3;-3;16;1;-3;2;2#1;-3;-1;2;0;3;19;3;-1;-3#-3;3;-1;-1;3;3;-1;-19;0;3#3;-1;-1;-1;3;-3;2;-2;19;-2#-3;1;-2;-1;2;0;0;1;-1;13,-55;28;78;82;12;-81;-36;-49;-61;27
s10,11,16;0;0;2;0;3;3;3;3;1;0#0;22;3;2;-2;0;2;3;3;-3;-1#1;1;-16;0;0;-3;-3;0;-2;3;0#0;2;1;18;2;-2;-2;2;1;-2;3#3;-2;-3;1;22;3;-1;-2;-2;0;3#2;-1;3;-3;1;22;-3;-3;0;0;-3#-2;-3;-3;-2;2;3;-23;-1;3;-1;2#3;2;-1;-3;-1;1;-3;22;-2;-2;1#3;-3;0;2;-3;-2;0;-3;21;-1;-2#0;1;1;2;-3;0;1;1;0;13;3#-2;-2;-1;0;3;2;-1;-2;-1;-1;-17,-32;30;80;-18;41;-81;-34;80;-65;6;66
s11,12,28;-2;0;3;-3;-2;3;-2;2;-3;3;3#3;-23;1;-1;-2;-2;-3;1;2;3;1;3#-3;2;19;1;-1;3;-2;3;0;0;-1;1#-2;1;2;19;-2;2;-1;2;1;-2;-2;1#3;0;1;-2;23;-3;-3;-2;-3;2;3;0#3;3;-2;-1;3;-24;-3;-1;1;-1;2;3#3;2;3;-2;3;2;25;-1;1;3;3;-1#1;-2;1;-2;-1;-1;-1;20;-3;0;-2;3#0;3;3;1;-2;2;2;1;21;2;2;1#-3;3;-1;3;2;-3;-1;2;0;-22;-1;0#0;-3;-1;-3;-1;3;3;2;0;3;22;2#-1;-3;-3;0;-1;3;-2;1;0;1;-1;18,-42;-83;-69;-4;92;62;52;-84;-31;-41;-76;7
s12,13,-19;3;-1;-3;2;-2;0;0;1;1;-1;2;-2#3;19;3;-1;-2;2;-1;0;1;0;0;1;-2#2;3;29;-3;2;3;2;3;2;-2;-2;1;2#0;-3;-2;25;-2;0;0;-3;-3;-2;-3;3;2#3;1;-2;-2;-22;0;-2;-1;2;2;0;3;2#2;0;-1;-2;-1;27;3;-3;3;-2;-3;-3;-2#-2;3;-2;-2;-2;2;26;-1;3;1;3;2;2#0;1;1;0;-2;-1;-1;14;-2;-1;-2;0;-2#2;0;0;-3;1;0;1;0;-15;2;2;-3;0#0;-3;3;-1;-3;0;0;1;1;20;3;2;2#3;-2;-3;-2;-2;1;-1;0;3;1;23;-1;2#-2;-3;-1;3;-1;3;3;-3;0;2;-3;27;-2#0;-2;-2;3;-1;0;-2;0;0;-3;1;-3;-20,2;85;-72;52;100;-2;94;-28;-22;60;-48;89;60
s13,14,24;-3;-3;2;-2;0;0;2;0;0;2;3;3;-2#2;26;1;-2;1;-3;-2;-1;-2;3;-2;-2;1;-3#1;-3;30;-2;3;0;-2;-1;-3;-2;-2;-3;2;-3#-3;3;-2;-27;1;-2;-2;-2;-2;3;0;3;2;1#1;3;1;1;22;-2;2;0;0;1;-3;-1;-3;3#2;1;-3;2;-1;21;1;3;-2;2;0;-2;0;-1#1;-3;3;-1;0;2;22;1;1;3;0;2;-3;0#1;0;3;0;0;0;2;-17;-2;-3;3;-2;0;0#-2;2;-3;-3;-2;-2;0;-2;24;-1;-1;-2;1;-2#3;-3;-3;-1;-3;-2;-1;2;-2;30;-3;2;-1;-3#0;2;3;0;3;1;0;-2;-2;1;17;-1;0;0#-1;-2;2;-3;-1;0;3;-3;1;-2;-3;-24;0;-2#-3;2;1;2;1;-3;-1;0;1;-2;-1;2;23;-1#1;0;0;1;-1;3;0;1;3;0;0;1;-1;13,67;-145;-51;-118;-60;12;101;40;32;-98;-43;-45;-72;34
s14,15,32;3;2;-1;3;2;-3;-1;-2;-2;2;-3;3;2;-2#3;29;-2;2;-2;2;0;2;-1;1;3;1;2;-3;2#0;3;-23;-1;1;-1;-1;-3;-3;-2;1;0;1;3;-2#0;2;2;24;-1;-1;-2;2;2;-3;1;2;1;-3;1#3;-2;0;-2;27;-3;-2;0;-3;-2;2;-1;3;0;3#-1;3;-2;2;-2;25;2;0;1;-1;2;2;-1;2;3#-2;3;2;2;0;-3;-37;-2;3;2;3;3;-3;3;3#-1;3;1;-2;3;-2;0;32;3;-3;-1;-3;-3;-3;2#1;0;2;-3;-2;-1;1;2;26;1;2;3;1;-2;2#-2;-1;-3;-2;3;3;0;-2;0;23;-2;1;1;0;-2#-3;3;1;3;-1;-1;1;1;2;-2;-31;-3;-3;2;-3#-1;1;2;-2;2;-2;-2;-1;-2;1;0;25;-1;3;-2#1;-2;-3;1;0;-2;3;2;3;0;0;-1;24;-1;2#-3;-2;0;0;1;3;-3;-1;1;1;1;1;2;23;1#2;3;-2;-2;-1;1;-1;-1;-3;-1;2;-1;0;3;-26,92;-83;-23;110;-68;50;157;-64;64;-73;-19;96;-61;57;98
s15,16,32;-1;2;3;-2;-2;-2;-1;-2;-3;-2;-3;2;-1;0;-3#-3;-31;2;2;-2;-2;-3;2;-2;-2;-1;2;-2;3;1;-1#-1;1;30;3;-3;1;0;-3;-3;1;-2;3;1;-3;-2;-1#-1;3;0;31;3;-3;1;-3;-1;-3;-3;-3;1;0;3;-2#-3;3;2;-1;32;2;-3;-2;2;1;-2;2;-1;-2;-2;-3#0;-3;0;1;0;-21;-2;1;3;3;0;1;1;2;-2;1#0;3;1;3;0;1;28;3;1;-3;1;-2;3;-2;0;2#-1;-3;3;-2;-2;-3;1;30;0;-3;3;-3;1;1;-1;2#-1;3;3;-1;0;1;2;-2;27;0;-1;-2;1;-3;-3;-3#2;0;-1;-1;-3;0;-3;0;-1;-22;1;-1;0;-1;-3;-3#2;-3;3;-3;-2;-3;2;3;2;0;33;-3;1;1;-3;1#1;3;2;0;0;-1;-2;0;-2;3;2;26;-1;-1;3;2#-2;-2;-3;-2;3;-1;-2;-1;-3;3;3;1;34;-1;-2;3#3;0;1;1;2;3;-3;-1;2;2;-2;-1;3;-31;2;2#2;-3;3;3;-3;1;1;0;-3;-2;2;-2;-1;-3;33;3#1;0;2;3;1;-3;-2;0;2;0;-3;0;0;2;-3;23,121;46;10;-156;-37;-40;-81;67;105;71;120;-118;-47;-71;-89;32
s16,17,-36;1;-3;2;-2;3;-2;3;-2;3;1;2;-1;-1;-3;2;-2#0;28;-2;-3;0;-3;-3;-2;1;1;-2;-2;2;1;1;1;2#0;0;29;3;-3;-1;0;1;3;1;3;0;-3;-2;-2;3;3#3;0;-1;31;2;2;2;-3;-2;3;3;-2;1;0;1;-3;2#0;1;-1;-3;-24;-1;-1;-3;3;0;1;-1;-1;2;1;-3;-1#-1;2;-2;-3;3;32;-1;3;2;2;2;1;-1;1;1;-2;-3#-3;-1;1;-1;2;2;28;1;1;-2;-3;0;-3;1;-3;1;1#0;2;-1;-2;1;0;-1;17;-1;0;-2;-1;3;0;-2;0;0#-1;2;1;-3;-3;2;-3;-1;-30;2;0;-2;-1;2;2;-2;-2#-1;2;-1;-1;-3;0;-1;-1;1;24;-2;3;-1;-1;-2;2;1#3;1;3;-1;-2;1;-1;0;1;1;19;1;0;0;1;-1;-1#0;-2;0;2;1;3;2;2;-1;-1;1;25;-3;2;-1;-2;1#3;0;-2;-1;0;-3;2;-1;3;1;1;-1;-25;-1;3;-1;1#0;3;-2;-1;1;1;1;3;-2;-2;1;0;3;28;1;3;-1#3;0;-2;2;-2;-2;3;2;1;2;-3;-2;3;-2;35;1;2#0;3;-3;3;-1;-2;-1;-2;1;-1;-1;1;-2;0;-2;26;1#-2;-2;1;-3;-1;0;2;-3;-3;2;0;-1;1;-1;-1;-2;-26,163;-42;56;-103;-30;146;-31;46;154;-45;52;-59;-81;139;-126;9;123
s17,18,22;2;-3;-2;1;-2;-1;0;-1;-1;0;-1;0;0;1;-1;1;-2#2;33;1;2;0;2;-1;3;-2;-3;-3;-3;0;-3;0;-2;2;-1#2;-2;33;-3;0;0;2;0;-2;-2;2;-2;-3;-1;-3;2;3;-1#2;3;-3;-37;-3;0;3;0;2;3;-2;-2;-2;0;0;-3;-3;3#2;0;-2;3;35;1;-2;1;2;3;3;-3;-3;-3;0;0;3;3#1;-1;3;-3;-2;34;-1;-1;2;1;1;3;1;2;2;3;2;2#-1;1;-2;3;3;-1;35;-3;-2;-3;-2;-2;1;-2;1;-3;1;-1#-1;3;-1;-1;0;0;1;-30;-2;-3;2;-3;0;-3;-3;3;2;1#-3;3;2;-3;-2;-3;1;-1;38;-3;-1;3;3;1;-2;-2;0;-3#3;3;-1;1;0;-2;1;-3;-2;31;-2;0;-3;-1;2;-1;3;-1#0;2;-2;1;0;3;3;-3;3;-2;32;2;-2;-1;2;-3;-2;0#3;1;-1;2;2;-2;-1;3;3;1;3;-35;-2;1;-3;2;-3;-1#1;-1;-2;-1;-2;-2;0;1;3;-1;0;1;25;1;2;0;-3;-2#1;1;0;3;3;0;0;0;-3;3;3;-1;-3;28;1;2;-2;-1#-3;-1;2;2;-2;1;-3;2;0;-2;-1;-1;-3;-1;32;1;-3;2#1;3;1;0;2;2;2;2;2;-2;0;-1;-3;-3;1;-29;1;-1#3;2;1;3;1;-1;1;-1;2;-2;-1;1;-3;3;-3;3;34;0#1;-2;2;-2;-3;0;1;2;1;3;-3;-2;-3;-1;-3;0;0;30,-66;25;141;42;66;-138;-49;-51;-102;-2;76;89;36;-84;-11;-88;-129;29
s18,19,36;2;0;-2;2;0;2;-2;3;-3;3;2;0;-3;3;1;-2;3;-2#-3;33;2;-1;-3;-1;2;0;0;-1;2;3;-2;0;0;-3;3;2;-3#-1;0;-32;-2;-3;-2;1;1;2;0;-2;-3;1;3;2;-1;-2;1;2#-2;2;3;37;0;-1;-3;3;3;0;-3;1;0;2;-3;3;-2;3;2#0;0;0;-2;30;0;-3;-3;1;-3;2;2;-2;-1;3;-2;1;-1;1#0;-2;-2;3;-3;35;1;-3;1;-3;0;1;2;0;-2;3;2;-3;-3#-3;-1;-1;1;-2;2;-38;-3;-2;3;0;-2;-3;3;-3;3;1;0;-3#0;1;-2;1;0;-3;3;25;0;0;-3;0;-3;0;3;0;2;-1;1#1;2;1;1;0;-2;3;2;35;0;-2;3;-1;3;3;3;1;-3;1#-2;3;3;-3;3;2;-3;-1;2;38;1;-1;-1;-3;-2;-1;2;1;3#-3;-1;-3;1;-2;3;0;-2;-3;1;-32;-3;1;-1;0;1;-2;2;-1#-1;-2;0;-2;-2;3;0;-2;0;-2;-2;27;-2;1;-1;3;1;1;-1#0;-2;0;3;0;-2;-1;2;-2;-1;-2;-3;31;1;-3;-2;0;-3;2#1;3;1;-2;-3;3;3;0;1;-3;-1;1;3;31;0;1;-1;-3;0#-1;-1;-1;1;1;-2;-1;-2;3;3;-1;1;-1;1;-27;1;-2;0;-3#-1;-1;-3;-1;1;1;3;3;1;2;1;2;3;3;-3;39;-3;-3;-1#-3;-3;0;1;1;0;1;2;-3;-2;-1;2;-1;-2;1;0;26;0;-2#1;0;-3;-1;2;0;-3;0;-3;3;2;-2;0;-1;2;-3;3;33;1#2;2;-2;0;-2;-2;-2;-1;-2;1;2;3;0;-3;0;-2;-2;-1;-30,-58;40;131;-19;43;-115;-42;117;-60;52;153;-40;84;-102;-7;181;-25;69;120
s19,20,41;1;-3;3;-2;-1;-3;1;3;3;2;-3;2;2;1;2;2;-2;2;-2#0;-33;0;3;2;0;0;1;1;-3;-2;3;-1;0;3;-1;-3;3;-3;1#3;3;35;0;1;-2;3;-1;-2;0;-2;1;3;2;3;0;2;0;-3;3#2;3;1;36;-2;-3;-3;-2;3;-3;1;-1;2;-2;1;1;0;2;-1;1#-2;0;1;-3;33;0;-3;-2;2;3;-2;-1;-2;2;3;2;1;0;0;-1#1;-2;3;0;-2;-28;-1;3;-1;-3;-1;0;-1;0;0;-3;0;0;3;-2#0;0;-1;1;0;-1;31;2;0;3;3;1;-3;1;-3;-2;0;-3;1;-3#-2;0;1;-2;0;-3;2;30;-2;1;-2;-2;1;-3;0;1;0;-2;3;-1#2;-2;-3;-3;-1;2;-2;-1;43;0;2;-3;3;3;3;3;-2;1;1;3#0;2;-2;1;1;-1;-1;2;-2;-32;3;1;2;1;2;1;3;1;0;-3#3;1;-3;3;-1;1;2;-2;0;-2;38;0;-2;1;-1;-3;-3;-2;-3;2#2;-1;-2;2;-1;2;1;-2;3;-2;-2;32;1;-2;3;0;1;1;2;0#2;1;-1;0;3;-3;1;3;-2;2;-1;2;32;0;-1;-2;3;0;0;3#-3;-3;1;0;2;2;1;-3;1;2;2;-3;-1;-34;-1;-2;1;0;-1;3#2;3;3;-2;-2;1;-3;-3;0;3;-2;0;-1;2;39;0;-2;3;-3;3#0;1;-2;0;2;-3;0;1;3;2;2;-3;-2;-1;-3;33;2;3;1;1#3;0;-2;3;1;-1;-1;2;1;-2;0;0;-1;-3;-1;-2;30;1;-2;2#-3;2;-2;-3;0;1;-1;-1;0;3;-2;3;-1;-3;-1;3;-3;-35;2;0#3;-3;2;0;-2;-3;-2;2;0;0;2;0;-1;2;-2;-2;-3;0;35;-3#-1;3;1;1;1;3;-1;1;2;-2;-1;0;2;3;3;2;2;0;0;31,-63;-65;-48;44;126;10;34;-114;-57;-90;-94;44;159;80;100;-126;-16;-90;-147;24
s20,21,-39;-1;-3;-2;0;-2;2;-3;-1;1;2;2;-2;2;-3;1;-2;-2;0;3;3#2;33;-1;0;-2;-2;-3;2;1;0;-1;-2;2;-3;0;1;-1;-2;-3;-1;-3#-2;0;31;-1;-2;-1;-3;1;-2;-3;2;1;1;1;-1;-2;1;2;1;2;-1#-3;3;0;34;3;3;-2;-1;0;-2;2;-2;-1;-1;0;2;2;0;2;0;3#-1;-3;2;3;-42;-3;3;2;3;-2;1;-2;2;1;3;0;2;1;2;3;2#-3;3;-1;1;3;32;3;1;-1;1;2;-1;0;-3;0;2;-1;0;-1;3;0#-3;-2;-1;-2;3;3;44;0;3;3;-2;2;3;1;1;-3;-2;-1;-3;-1;-2#1;3;2;1;1;2;1;37;3;2;1;-1;-2;3;0;0;-1;-3;-2;3;-2#0;-3;3;0;-1;1;-1;0;-33;-3;-1;3;-3;-1;-1;3;-2;1;2;0;3#-3;-3;2;-2;-2;3;-1;3;-3;46;3;2;2;2;-1;-3;0;-2;2;3;1#3;-2;-1;-2;3;3;1;2;-1;0;33;1;3;0;-1;1;-3;0;1;-1;-2#-2;-2;2;2;0;3;0;0;3;1;-3;34;-1;-3;1;3;-3;-1;0;3;0#-3;-2;-1;3;1;0;3;-2;-3;-2;-1;-2;-36;2;1;-1;0;-2;2;-1;3#-2;1;2;2;-2;-3;3;-2;-3;-1;-3;1;0;39;1;1;2;3;-1;2;-1#0;-3;0;-2;3;-2;3;-2;-3;-1;-1;1;-2;3;41;-3;2;-2;-2;-1;-3#-3;0;-1;1;-2;-2;-2;0;2;-2;2;3;-3;-1;-3;37;3;2;0;3;0#1;1;0;-3;2;-1;1;1;-3;-2;2;2;0;-1;0;2;-31;1;-3;0;2#0;-1;-1;-1;-2;-2;0;-2;-2;1;1;3;3;0;-2;2;-3;36;3;2;-2#3;-2;-2;1;0;2;1;3;-2;1;0;-3;3;0;1;-2;0;-2;32;0;-2#-3;-1;-2;-2;2;-1;0;-2;-3;-3;1;2;-1;-3;-3;2;1;2;2;41;-2#0;-2;2;3;0;2;2;2;-3;-1;1;3;0;3;-1;-3;-1;3;3;-2;-39,-43;129;-72;28;152;-24;132;-86;-68;135;-107;68;117;14;131;-89;-53;141;-78;66;149
s21,22,39;3;-2;3;3;0;-2;-2;0;-3;-1;2;3;0;2;1;-2;1;3;1;3;-1#1;32;-1;0;-2;3;-2;-2;0;-2;-2;-2;1;0;1;0;-1;2;3;3;-3;0#3;-2;41;-3;1;3;1;-3;-3;0;3;-3;2;-1;-2;0;2;1;-1;-2;2;1#-2;0;-3;-29;-2;1;1;0;1;-1;2;2;0;1;2;2;-3;2;0;-1;0;1#-3;0;1;-2;45;2;-3;3;-2;3;-2;-2;2;3;-1;-3;1;3;-3;1;3;-1#-2;-3;3;3;3;49;-2;-3;-2;-2;-2;-2;2;1;-3;0;-2;3;-3;-2;3;1#3;0;-1;3;2;-1;41;-3;-3;2;2;0;3;-3;0;0;2;3;3;-2;-2;-1#-3;3;-1;3;0;-2;1;-40;-1;-2;3;-2;3;2;-3;0;-3;2;1;0;3;0#-1;-2;-1;-1;-3;2;-3;-1;38;-2;1;2;0;2;0;2;1;3;-3;1;-1;-3#0;-2;1;1;-1;0;-1;0;3;31;-1;1;3;2;-3;-3;-2;-2;0;-1;0;3#-1;3;3;1;1;-2;-3;1;0;-3;40;3;2;-3;0;-2;-3;-1;1;3;0;-2#0;-1;2;-3;2;2;0;1;0;-1;2;-32;-1;1;0;2;-3;2;2;-2;3;1#0;-1;-3;-1;-1;-2;-1;0;3;3;3;-1;39;-2;-2;-2;2;2;-2;-1;-3;3#-1;0;2;-3;3;1;-3;-3;2;-1;-3;-3;3;42;-1;-2;0;-1;3;-1;-2;1#0;2;3;-2;1;-1;3;-2;-1;-1;0;-1;-3;0;30;0;1;-1;3;-2;0;-2#1;-3;0;-2;-2;-2;3;-3;-3;-1;-3;1;1;0;1;-36;2;2;0;2;1;1#0;0;-2;2;-2;2;3;3;1;2;0;3;3;-2;-1;2;41;2;-2;1;3;2#1;3;0;-1;3;-1;-2;0;3;0;1;-3;-3;1;2;2;-1;35;-1;2;-3;1#0;-1;2;0;1;2;0;-3;3;1;-3;-1;3;3;3;2;0;3;36;0;1;2#-1;3;-1;1;1;2;2;0;2;-3;-3;3;3;-1;-3;0;0;-1;-2;-39;-3;2#0;-1;3;-2;-2;-2;-3;1;-1;3;0;-1;-3;0;2;-3;-2;1;0;3;37;-3#0;-3;-1;-2;1;0;-1;-3;0;1;3;-3;-1;2;3;2;-1;3;3;3;-1;39,62;-110;-69;-78;-199;8;139;28;88;-114;-53;-137;-127;13;118;107;78;-146;-38;-97;-122;37
s22,23,40;-3;-1;-1;-2;1;-2;-1;-3;1;-2;-3;1;-2;-2;3;1;-1;1;2;0;2;2#1;44;-2;3;-2;-2;-1;0;-3;3;-1;3;-3;1;-1;-1;-1;1;-2;3;-3;-3;-1#-3;1;-37;-3;1;1;0;2;-3;0;-2;1;0;-2;0;-1;3;-1;3;-3;-2;0;-3#-1;3;-3;33;3;-1;-1;0;0;3;0;0;-1;0;-2;-3;3;-1;2;1;1;-1;0#0;-3;3;2;39;1;0;-1;2;-1;-2;1;0;2;1;-3;2;1;-3;0;-3;-3;3#1;-3;3;0;1;37;-3;-1;-1;-3;-1;0;-2;1;-2;-1;-2;-1;1;0;-2;3;-3#-1;1;-1;-1;2;0;-34;2;-2;3;-1;3;-3;2;2;0;1;2;1;1;2;1;1#1;3;3;0;1;-1;-2;37;1;2;1;-1;-1;2;-1;3;3;2;0;-2;-3;0;-2#-1;-1;1;-1;2;-3;1;-1;41;-3;-3;1;-3;0;-2;3;0;-2;-3;2;2;1;2#2;-1;1;1;-3;-1;1;-3;-2;41;-3;-1;1;-3;2;-3;2;-1;3;2;0;1;-3#-2;2;1;-1;-1;3;3;2;0;1;-41;2;-2;-3;-2;3;3;-1;-2;-1;0;3;2#2;0;-3;-2;0;3;-1;-3;-2;0;-2;37;-3;-1;0;3;1;1;1;-2;-1;3;-2#3;1;-2;-3;-1;-1;-1;1;-2;0;2;1;36;2;0;1;1;-3;-1;2;-1;3;2#1;-1;2;-2;-1;1;-3;2;-1;2;2;-2;1;40;1;-1;1;-1;-2;2;-3;-2;3#-1;0;-1;-3;-1;-2;-2;2;0;-1;1;-2;0;2;-36;3;3;-1;-1;3;-2;-1;2#3;1;-1;2;3;2;0;-3;3;-1;-2;-1;1;-1;-2;41;0;1;-3;3;3;1;1#-2;3;-3;-3;-2;1;-3;1;3;0;-1;0;-3;3;1;-1;41;3;1;2;-1;-3;0#3;-1;-2;3;0;1;3;-1;2;0;-2;-3;2;1;-3;1;1;44;-2;-2;-3;3;-2#-2;-3;-3;-3;-3;0;1;3;2;2;-3;-2;1;3;-3;2;3;-2;-52;-2;-2;2;2#1;2;-1;2;3;0;0;3;2;3;2;1;-3;3;1;0;2;-2;1;35;2;0;0#-1;0;-1;1;0;2;-2;-1;1;0;-1;1;-1;0;-3;-1;3;1;1;2;31;2;-3#-1;-2;-1;2;-3;2;-1;-1;1;-3;3;0;-2;3;-2;1;-1;-2;1;-3;2;42;3#3;1;-3;-2;-1;1;3;0;-3;-1;3;2;-1;3;-3;3;0;0;-2;0;2;0;-39,123;-101;-54;131;-53;140;113;-26;129;-98;-50;158;-55;76;146;-19;123;-105;-55;155;3;117;159
s23,24,48;3;3;1;2;3;3;1;3;-1;3;1;-3;0;-1;3;1;1;-3;1;-1;-3;2;-2#-3;-51;-2;-1;-3;3;-2;-2;2;-2;2;-3;-2;2;2;3;2;-1;3;1;-3;3;0;-1#2;2;43;1;3;-3;2;-1;-2;-3;-2;0;-3;-1;-2;3;1;0;-1;3;-3;1;0;2#-2;2;-1;40;2;-3;-3;2;1;3;2;-3;1;0;2;0;-3;-1;-2;0;-2;-1;-3;0#-1;0;-3;0;45;-2;-2;2;3;2;-1;-3;-3;-1;-1;-2;3;-2;3;-1;-2;3;-1;-2#-1;-1;-1;0;-3;-35;-3;1;3;-1;-1;1;1;-2;0;1;2;2;1;2;3;1;-3;0#-2;2;-2;-3;3;-3;49;3;-3;-2;0;2;-2;1;-1;2;-1;2;3;-1;2;-3;2;1#-1;1;1;2;-1;-1;2;39;-3;2;1;1;-3;2;3;2;-1;0;-1;0;2;1;-2;3#2;-1;3;0;-1;2;3;-1;41;1;-2;-2;-3;1;-1;-1;-1;-1;-2;-1;3;-2;-2;-2#3;-3;3;2;-2;-1;-2;-1;1;-48;3;2;-1;1;1;-3;1;2;3;3;2;-3;-3;1#3;-1;0;3;-2;-3;-1;-1;1;2;36;0;-2;-2;-1;-3;2;-1;-1;1;1;0;-2;1#-2;2;-2;2;1;-1;2;-3;-1;2;2;46;-1;-3;-3;-2;0;-1;3;2;2;2;-3;-3#1;-2;0;3;1;-1;-1;0;-3;-2;-3;0;36;0;2;0;-2;-1;2;2;3;3;-1;0#1;-1;0;1;3;-1;0;-2;2;-1;-1;0;0;-35;1;-1;3;-2;3;2;0;2;-3;2#2;1;1;2;0;-3;0;0;-2;1;0;-2;3;-1;34;0;1;-2;0;-3;3;-1;3;1#2;-3;-1;1;0;-2;0;-3;2;-1;2;-3;-2;2;-3;46;-3;-3;-1;-2;-2;-2;2;1#-2;-1;-1;-2;-3;-2;-3;-1;2;2;-1;0;-1;1;-2;-2;42;2;-3;1;-3;0;-3;-2#-1;-3;3;3;-1;-1;2;1;0;-3;2;-3;-3;1;2;3;-2;-50;-3;3;-1;-2;-3;-3#2;-3;0;2;1;-2;2;0;0;-1;3;-1;1;-2;0;0;2;0;35;2;-1;3;3;1#2;1;2;-2;-1;3;1;0;0;-1;2;0;-1;-2;0;1;2;1;0;30;-3;-1;-1;0#-3;0;-1;-1;-3;0;-3;0;1;-1;0;-1;-2;1;3;0;-1;0;-3;3;35;-2;-1;-2#2;2;-1;0;3;-1;3;2;1;0;-2;-3;2;0;0;0;2;0;-3;3;-2;-36;-1;1#-3;0;-2;-1;1;-2;2;2;-1;0;2;2;1;-2;-3;-1;3;-1;0;0;2;1;35;-1#3;-1;-1;2;-3;-2;3;-2;-3;2;3;0;3;-2;-1;-1;-2;2;3;0;-1;-2;-2;47,188;162;68;-173;4;-87;-180;7;180;109;75;-216;-62;-76;-113;79;179;89;70;-84;-54;-113;-121;15
s24,25,2;2;-1;1;0;0;0;0;0;0;0;0;0;0;0;0;0;0;0;0;0;0;0;0;0#0;-3;-2;0;0;0;0;0;0;0;0;0;0;0;0;0;0;0;0;0;0;0;0;0;0#0;0;1;-1;1;0;0;0;0;0;0;0;0;0;0;0;0;0;0;0;0;0;0;0;0#0;0;0;-2;0;0;0;0;0;0;0;0;0;0;0;0;0;0;0;0;0;0;0;0;0#0;0;0;0;3;1;1;0;0;0;0;0;0;0;0;0;0;0;0;0;0;0;0;0;0#0;0;0;0;0;-1;2;0;1;0;0;0;0;0;0;0;0;0;0;0;0;0;0;0;0#0;0;0;0;0;0;2;-2;-1;0;0;0;0;0;0;0;0;0;0;0;0;0;0;0;0#0;0;0;0;0;0;0;-3;-1;0;0;0;0;0;0;0;0;0;0;0;0;0;0;0;0#0;0;0;0;0;0;0;0;1;0;1;0;0;0;0;0;0;0;0;0;0;0;0;0;0#0;0;0;0;0;0;0;0;0;-2;1;0;0;0;0;0;0;0;0;0;0;0;0;0;0#0;0;0;0;0;0;0;0;0;0;3;2;1;1;0;0;0;0;0;0;0;0;0;0;0#0;0;0;0;0;0;0;0;0;0;0;-1;-2;0;0;0;0;0;0;0;0;0;0;0;0#0;0;0;0;0;0;0;0;0;0;0;0;2;-1;-1;0;0;0;0;0;0;0;0;0;0#0;0;0;0;0;0;0;0;0;0;0;0;0;-3;0;0;0;0;0;0;0;0;0;0;0#0;0;0;0;0;0;0;0;0;0;0;0;0;0;1;1;1;0;0;0;0;0;0;0;0#0;0;0;0;0;0;0;0;0;0;0;0;0;0;0;-2;2;0;1;0;0;0;0;0;0#0;0;0;0;0;0;0;0;0;0;0;0;0;0;0;0;3;-2;1;0;0;0;0;0;0#0;0;0;0;0;0;0;0;0;0;0;0;0;0;0;0;0;-1;-1;0;0;0;0;0;0#0;0;0;0;0;0;0;0;0;0;0;0;0;0;0;0;0;0;2;0;-1;0;0;0;0#0;0;0;0;0;0;0;0;0;0;0;0;0;0;0;0;0;0;0;-3;1;0;0;0;0#0;0;0;0;0;0;0;0;0;0;0;0;0;0;0;0;0;0;0;0;1;2;1;1;0#0;0;0;0;0;0;0;0;0;0;0;0;0;0;0;0;0;0;0;0;0;-2;-2;0;0#0;0;0;0;0;0;0;0;0;0;0;0;0;0;0;0;0;0;0;0;0;0;3;-1;1#0;0;0;0;0;0;0;0;0;0;0;0;0;0;0;0;0;0;0;0;0;0;0;-1;0#0;0;0;0;0;0;0;0;0;0;0;0;0;0;0;0;0;0;0;0;0;0;0;0;2,-16;-3;7;6;5;-12;-4;-2;-1;5;8;1;0;-12;-4;-9;-7;-2;5;10;9;-4;-12;-2;-8
s25,26,-3;-2;1;1;0;0;0;0;0;0;0;0;0;0;0;0;0;0;0;0;0;0;0;0;0;0#0;1;-1;0;0;0;0;0;0;0;0;0;0;0;0;0;0;0;0;0;0;0;0;0;0;0#0;0;-2;0;-1;0;0;0;0;0;0;0;0;0;0;0;0;0;0;0;0;0;0;0;0;0#0;0;0;3;1;0;0;0;0;0;0;0;0;0;0;0;0;0;0;0;0;0;0;0;0;0#0;0;0;0;-1;2;1;0;0;0;0;0;0;0;0;0;0;0;0;0;0;0;0;0;0;0#0;0;0;0;0;2;-2;0;1;0;0;0;0;0;0;0;0;0;0;0;0;0;0;0;0;0#0;0;0;0;0;0;-3;-1;1;0;0;0;0;0;0;0;0;0;0;0;0;0;0;0;0;0#0;0;0;0;0;0;0;1;0;0;0;0;0;0;0;0;0;0;0;0;0;0;0;0;0;0#0;0;0;0;0;0;0;0;-2;1;-1;0;0;0;0;0;0;0;0;0;0;0;0;0;0;0#0;0;0;0;0;0;0;0;0;3;2;0;0;0;0;0;0;0;0;0;0;0;0;0;0;0#0;0;0;0;0;0;0;0;0;0;-1;-2;1;1;0;0;0;0;0;0;0;0;0;0;0;0#0;0;0;0;0;0;0;0;0;0;0;2;-1;0;0;0;0;0;0;0;0;0;0;0;0;0#0;0;0;0;0;0;0;0;0;0;0;0;-3;0;1;0;0;0;0;0;0;0;0;0;0;0#0;0;0;0;0;0;0;0;0;0;0;0;0;1;1;0;0;0;0;0;0;0;0;0;0;0#0;0;0;0;0;0;0;0;0;0;0;0;0;0;-2;2;-1;0;0;0;0;0;0;0;0;0#0;0;0;0;0;0;0;0;0;0;0;0;0;0;0;3;-2;0;1;0;0;0;0;0;0;0#0;0;0;0;0;0;0;0;0;0;0;0;0;0;0;0;-1;-1;1;0;0;0;0;0;0;0#0;0;0;0;0;0;0;0;0;0;0;0;0;0;0;0;0;2;0;0;0;0;0;0;0;0#0;0;0;0;0;0;0;0;0;0;0;0;0;0;0;0;0;0;-3;1;1;0;0;0;0;0#0;0;0;0;0;0;0;0;0;0;0;0;0;0;0;0;0;0;0;1;2;0;0;0;0;0#0;0;0;0;0;0;0;0;0;0;0;0;0;0;0;0;0;0;0;0;-2;-2;-1;1;0;0#0;0;0;0;0;0;0;0;0;0;0;0;0;0;0;0;0;0;0;0;0;3;-1;0;0;0#0;0;0;0;0;0;0;0;0;0;0;0;0;0;0;0;0;0;0;0;0;0;-1;0;1;0#0;0;0;0;0;0;0;0;0;0;0;0;0;0;0;0;0;0;0;0;0;0;0;2;1;0#0;0;0;0;0;0;0;0;0;0;0;0;0;0;0;0;0;0;0;0;0;0;0;0;-3;2#0;0;0;0;0;0;0;0;0;0;0;0;0;0;0;0;0;0;0;0;0;0;0;0;0;1,9;-3;-10;-4;-11;-9;-3;3;3;11;-2;-6;-7;-5;11;19;6;2;-12;2;8;-11;-2;3;11;1
s26,27,1;-1;1;1;0;0;0;0;0;0;0;0;0;0;0;0;0;0;0;0;0;0;0;0;0;0;0#0;-2;0;0;0;0;0;0;0;0;0;0;0;0;0;0;0;0;0;0;0;0;0;0;0;0;0#0;0;3;1;1;0;0;0;0;0;0;0;0;0;0;0;0;0;0;0;0;0;0;0;0;0;0#0;0;0;-1;2;0;0;0;0;0;0;0;0;0;0;0;0;0;0;0;0;0;0;0;0;0;0#0;0;0;0;2;-2;-1;0;0;0;0;0;0;0;0;0;0;0;0;0;0;0;0;0;0;0;0#0;0;0;0;0;-3;-1;0;1;0;0;0;0;0;0;0;0;0;0;0;0;0;0;0;0;0;0#0;0;0;0;0;0;1;0;1;0;0;0;0;0;0;0;0;0;0;0;0;0;0;0;0;0;0#0;0;0;0;0;0;0;-2;1;0;0;0;0;0;0;0;0;0;0;0;0;0;0;0;0;0;0#0;0;0;0;0;0;0;0;3;2;1;0;0;0;0;0;0;0;0;0;0;0;0;0;0;0;0#0;0;0;0;0;0;0;0;0;-1;-2;0;0;0;0;0;0;0;0;0;0;0;0;0;0;0;0#0;0;0;0;0;0;0;0;0;0;2;-1;-1;1;0;0;0;0;0;0;0;0;0;0;0;0;0#0;0;0;0;0;0;0;0;0;0;0;-3;0;0;0;0;0;0;0;0;0;0;0;0;0;0;0#0;0;0;0;0;0;0;0;0;0;0;0;1;1;1;0;0;0;0;0;0;0;0;0;0;0;0#0;0;0;0;0;0;0;0;0;0;0;0;0;-2;2;0;0;0;0;0;0;0;0;0;0;0;0#0;0;0;0;0;0;0;0;0;0;0;0;0;0;3;-2;1;0;0;0;0;0;0;0;0;0;0#0;0;0;0;0;0;0;0;0;0;0;0;0;0;0;-1;-1;0;1;0;0;0;0;0;0;0;0#0;0;0;0;0;0;0;0;0;0;0;0;0;0;0;0;2;0;-1;0;0;0;0;0;0;0;0#0;0;0;0;0;0;0;0;0;0;0;0;0;0;0;0;0;-3;1;0;0;0;0;0;0;0;0#0;0;0;0;0;0;0;0;0;0;0;0;0;0;0;0;0;0;1;2;1;0;0;0;0;0;0#0;0;0;0;0;0;0;0;0;0;0;0;0;0;0;0;0;0;0;-2;-2;0;0;0;0;0;0#0;0;0;0;0;0;0;0;0;0;0;0;0;0;0;0;0;0;0;0;3;-1;1;1;0;0;0#0;0;0;0;0;0;0;0;0;0;0;0;0;0;0;0;0;0;0;0;0;-1;0;0;0;0;0#0;0;0;0;0;0;0;0;0;0;0;0;0;0;0;0;0;0;0;0;0;0;2;1;-1;0;0#0;0;0;0;0;0;0;0;0;0;0;0;0;0;0;0;0;0;0;0;0;0;0;-3;2;0;0#0;0;0;0;0;0;0;0;0;0;0;0;0;0;0;0;0;0;0;0;0;0;0;0;1;-2;1#0;0;0;0;0;0;0;0;0;0;0;0;0;0;0;0;0;0;0;0;0;0;0;0;0;-2;-1#0;0;0;0;0;0;0;0;0;0;0;0;0;0;0;0;0;0;0;0;0;0;0;0;0;0;3,-9;-4;-10;7;11;6;-1;-10;-6;6;-13;3;1;8;-7;-6;0;-10;-3;-4;17;3;8;-16;-10;0;-12
s27,28,-2;0;-1;1;0;0;0;0;0;0;0;0;0;0;0;0;0;0;0;0;0;0;0;0;0;0;0;0#0;3;1;0;0;0;0;0;0;0;0;0;0;0;0;0;0;0;0;0;0;0;0;0;0;0;0;0#0;0;-1;2;1;0;0;0;0;0;0;0;0;0;0;0;0;0;0;0;0;0;0;0;0;0;0;0#0;0;0;2;-2;0;0;0;0;0;0;0;0;0;0;0;0;0;0;0;0;0;0;0;0;0;0;0#0;0;0;0;-3;-1;1;0;0;0;0;0;0;0;0;0;0;0;0;0;0;0;0;0;0;0;0;0#0;0;0;0;0;1;0;0;1;0;0;0;0;0;0;0;0;0;0;0;0;0;0;0;0;0;0;0#0;0;0;0;0;0;-2;1;-1;0;0;0;0;0;0;0;0;0;0;0;0;0;0;0;0;0;0;0#0;0;0;0;0;0;0;3;2;0;0;0;0;0;0;0;0;0;0;0;0;0;0;0;0;0;0;0#0;0;0;0;0;0;0;0;-1;-2;1;0;0;0;0;0;0;0;0;0;0;0;0;0;0;0;0;0#0;0;0;0;0;0;0;0;0;2;-1;0;0;0;0;0;0;0;0;0;0;0;0;0;0;0;0;0#0;0;0;0;0;0;0;0;0;0;-3;0;1;1;0;0;0;0;0;0;0;0;0;0;0;0;0;0#0;0;0;0;0;0;0;0;0;0;0;1;1;0;0;0;0;0;0;0;0;0;0;0;0;0;0;0#0;0;0;0;0;0;0;0;0;0;0;0;-2;2;-1;0;0;0;0;0;0;0;0;0;0;0;0;0#0;0;0;0;0;0;0;0;0;0;0;0;0;3;-2;0;0;0;0;0;0;0;0;0;0;0;0;0#0;0;0;0;0;0;0;0;0;0;0;0;0;0;-1;-1;1;0;0;0;0;0;0;0;0;0;0;0#0;0;0;0;0;0;0;0;0;0;0;0;0;0;0;2;0;0;1;0;0;0;0;0;0;0;0;0#0;0;0;0;0;0;0;0;0;0;0;0;0;0;0;0;-3;1;1;0;0;0;0;0;0;0;0;0#0;0;0;0;0;0;0;0;0;0;0;0;0;0;0;0;0;1;2;0;0;0;0;0;0;0;0;0#0;0;0;0;0;0;0;0;0;0;0;0;0;0;0;0;0;0;-2;-2;-1;0;0;0;0;0;0;0#0;0;0;0;0;0;0;0;0;0;0;0;0;0;0;0;0;0;0;3;-1;0;0;0;0;0;0;0#0;0;0;0;0;0;0;0;0;0;0;0;0;0;0;0;0;0;0;0;-1;0;1;1;0;0;0;0#0;0;0;0;0;0;0;0;0;0;0;0;0;0;0;0;0;0;0;0;0;2;1;0;0;0;0;0#0;0;0;0;0;0;0;0;0;0;0;0;0;0;0;0;0;0;0;0;0;0;-3;2;1;0;0;0#0;0;0;0;0;0;0;0;0;0;0;0;0;0;0;0;0;0;0;0;0;0;0;1;-2;0;0;0#0;0;0;0;0;0;0;0;0;0;0;0;0;0;0;0;0;0;0;0;0;0;0;0;-2;-1;-1;0#0;0;0;0;0;0;0;0;0;0;0;0;0;0;0;0;0;0;0;0;0;0;0;0;0;3;0;0#0;0;0;0;0;0;0;0;0;0;0;0;0;0;0;0;0;0;0;0;0;0;0;0;0;0;-1;1#0;0;0;0;0;0;0;0;0;0;0;0;0;0;0;0;0;0;0;0;0;0;0;0;0;0;0;2,6;6;9;-6;-8;-3;-7;-14;-8;9;11;5;-14;-10;1;-11;3;-3;0;-1;-6;-2;-15;-2;2;9;4;2
s28,29,3;1;1;1;0;0;0;0;0;0;0;0;0;0;0;0;0;0;0;0;0;0;0;0;0;0;0;0;0#0;-1;2;0;0;0;0;0;0;0;0;0;0;0;0;0;0;0;0;0;0;0;0;0;0;0;0;0;0#0;0;2;-2;-1;0;0;0;0;0;0;0;0;0;0;0;0;0;0;0;0;0;0;0;0;0;0;0;0#0;0;0;-3;-1;0;0;0;0;0;0;0;0;0;0;0;0;0;0;0;0;0;0;0;0;0;0;0;0#0;0;0;0;1;0;1;0;0;0;0;0;0;0;0;0;0;0;0;0;0;0;0;0;0;0;0;0;0#0;0;0;0;0;-2;1;0;1;0;0;0;0;0;0;0;0;0;0;0;0;0;0;0;0;0;0;0;0#0;0;0;0;0;0;3;2;1;0;0;0;0;0;0;0;0;0;0;0;0;0;0;0;0;0;0;0;0#0;0;0;0;0;0;0;-1;-2;0;0;0;0;0;0;0;0;0;0;0;0;0;0;0;0;0;0;0;0#0;0;0;0;0;0;0;0;2;-1;-1;0;0;0;0;0;0;0;0;0;0;0;0;0;0;0;0;0;0#0;0;0;0;0;0;0;0;0;-3;0;0;0;0;0;0;0;0;0;0;0;0;0;0;0;0;0;0;0#0;0;0;0;0;0;0;0;0;0;1;1;1;1;0;0;0;0;0;0;0;0;0;0;0;0;0;0;0#0;0;0;0;0;0;0;0;0;0;0;-2;2;0;0;0;0;0;0;0;0;0;0;0;0;0;0;0;0#0;0;0;0;0;0;0;0;0;0;0;0;3;-2;1;0;0;0;0;0;0;0;0;0;0;0;0;0;0#0;0;0;0;0;0;0;0;0;0;0;0;0;-1;-1;0;0;0;0;0;0;0;0;0;0;0;0;0;0#0;0;0;0;0;0;0;0;0;0;0;0;0;0;2;0;-1;0;0;0;0;0;0;0;0;0;0;0;0#0;0;0;0;0;0;0;0;0;0;0;0;0;0;0;-3;1;0;1;0;0;0;0;0;0;0;0;0;0#0;0;0;0;0;0;0;0;0;0;0;0;0;0;0;0;1;2;1;0;0;0;0;0;0;0;0;0;0#0;0;0;0;0;0;0;0;0;0;0;0;0;0;0;0;0;-2;-2;0;0;0;0;0;0;0;0;0;0#0;0;0;0;0;0;0;0;0;0;0;0;0;0;0;0;0;0;3;-1;1;0;0;0;0;0;0;0;0#0;0;0;0;0;0;0;0;0;0;0;0;0;0;0;0;0;0;0;-1;0;0;0;0;0;0;0;0;0#0;0;0;0;0;0;0;0;0;0;0;0;0;0;0;0;0;0;0;0;2;1;-1;1;0;0;0;0;0#0;0;0;0;0;0;0;0;0;0;0;0;0;0;0;0;0;0;0;0;0;-3;2;0;0;0;0;0;0#0;0;0;0;0;0;0;0;0;0;0;0;0;0;0;0;0;0;0;0;0;0;1;-2;1;0;0;0;0#0;0;0;0;0;0;0;0;0;0;0;0;0;0;0;0;0;0;0;0;0;0;0;-2;-1;0;0;0;0#0;0;0;0;0;0;0;0;0;0;0;0;0;0;0;0;0;0;0;0;0;0;0;0;3;0;1;0;0#0;0;0;0;0;0;0;0;0;0;0;0;0;0;0;0;0;0;0;0;0;0;0;0;0;-1;1;0;1#0;0;0;0;0;0;0;0;0;0;0;0;0;0;0;0;0;0;0;0;0;0;0;0;0;0;2;2;-1#0;0;0;0;0;0;0;0;0;0;0;0;0;0;0;0;0;0;0;0;0;0;0;0;0;0;0;-3;-2#0;0;0;0;0;0;0;0;0;0;0;0;0;0;0;0;0;0;0;0;0;0;0;0;0;0;0;0;1,7;-8;-4;-2;-1;6;4;1;0;-12;-5;-12;-7;-2;5;8;7;-4;-12;-2;-15;9;10;5;1;-10;4;2;-4
s29,30,-1;2;1;1;0;0;0;0;0;0;0;0;0;0;0;0;0;0;0;0;0;0;0;0;0;0;0;0;0;0#0;2;-2;0;0;0;0;0;0;0;0;0;0;0;0;0;0;0;0;0;0;0;0;0;0;0;0;0;0;0#0;0;-3;-1;1;0;0;0;0;0;0;0;0;0;0;0;0;0;0;0;0;0;0;0;0;0;0;0;0;0#0;0;0;1;0;0;0;0;0;0;0;0;0;0;0;0;0;0;0;0;0;0;0;0;0;0;0;0;0;0#0;0;0;0;-2;1;-1;0;0;0;0;0;0;0;0;0;0;0;0;0;0;0;0;0;0;0;0;0;0;0#0;0;0;0;0;3;2;0;1;0;0;0;0;0;0;0;0;0;0;0;0;0;0;0;0;0;0;0;0;0#0;0;0;0;0;0;-1;-2;1;0;0;0;0;0;0;0;0;0;0;0;0;0;0;0;0;0;0;0;0;0#0;0;0;0;0;0;0;2;-1;0;0;0;0;0;0;0;0;0;0;0;0;0;0;0;0;0;0;0;0;0#0;0;0;0;0;0;0;0;-3;0;1;0;0;0;0;0;0;0;0;0;0;0;0;0;0;0;0;0;0;0#0;0;0;0;0;0;0;0;0;1;1;0;0;0;0;0;0;0;0;0;0;0;0;0;0;0;0;0;0;0#0;0;0;0;0;0;0;0;0;0;-2;2;-1;1;0;0;0;0;0;0;0;0;0;0;0;0;0;0;0;0#0;0;0;0;0;0;0;0;0;0;0;3;-2;0;0;0;0;0;0;0;0;0;0;0;0;0;0;0;0;0#0;0;0;0;0;0;0;0;0;0;0;0;-1;-1;1;0;0;0;0;0;0;0;0;0;0;0;0;0;0;0#0;0;0;0;0;0;0;0;0;0;0;0;0;2;0;0;0;0;0;0;0;0;0;0;0;0;0;0;0;0#0;0;0;0;0;0;0;0;0;0;0;0;0;0;-3;1;1;0;0;0;0;0;0;0;0;0;0;0;0;0#0;0;0;0;0;0;0;0;0;0;0;0;0;0;0;1;2;0;1;0;0;0;0;0;0;0;0;0;0;0#0;0;0;0;0;0;0;0;0;0;0;0;0;0;0;0;-2;-2;-1;0;0;0;0;0;0;0;0;0;0;0#0;0;0;0;0;0;0;0;0;0;0;0;0;0;0;0;0;3;-1;0;0;0;0;0;0;0;0;0;0;0#0;0;0;0;0;0;0;0;0;0;0;0;0;0;0;0;0;0;-1;0;1;0;0;0;0;0;0;0;0;0#0;0;0;0;0;0;0;0;0;0;0;0;0;0;0;0;0;0;0;2;1;0;0;0;0;0;0;0;0;0#0;0;0;0;0;0;0;0;0;0;0;0;0;0;0;0;0;0;0;0;-3;2;1;1;0;0;0;0;0;0#0;0;0;0;0;0;0;0;0;0;0;0;0;0;0;0;0;0;0;0;0;1;-2;0;0;0;0;0;0;0#0;0;0;0;0;0;0;0;0;0;0;0;0;0;0;0;0;0;0;0;0;0;-2;-1;-1;0;0;0;0;0#0;0;0;0;0;0;0;0;0;0;0;0;0;0;0;0;0;0;0;0;0;0;0;3;0;0;0;0;0;0#0;0;0;0;0;0;0;0;0;0;0;0;0;0;0;0;0;0;0;0;0;0;0;0;-1;1;1;0;0;0#0;0;0;0;0;0;0;0;0;0;0;0;0;0;0;0;0;0;0;0;0;0;0;0;0;2;2;0;1;0#0;0;0;0;0;0;0;0;0;0;0;0;0;0;0;0;0;0;0;0;0;0;0;0;0;0;-3;-2;1;0#0;0;0;0;0;0;0;0;0;0;0;0;0;0;0;0;0;0;0;0;0;0;0;0;0;0;0;1;-1;0#0;0;0;0;0;0;0;0;0;0;0;0;0;0;0;0;0;0;0;0;0;0;0;0;0;0;0;0;-2;0#0;0;0;0;0;0;0;0;0;0;0;0;0;0;0;0;0;0;0;0;0;0;0;0;0;0;0;0;0;3,-8;-6;-3;3;3;13;2;-6;-7;-5;12;15;6;2;-12;1;5;-11;-2;3;13;-7;-8;-6;-7;-13;-6;6;6;3
s30,31,2;-2;-1;1;0;0;0;0;0;0;0;0;0;0;0;0;0;0;0;0;0;0;0;0;0;0;0;0;0;0;0#0;-3;-1;0;0;0;0;0;0;0;0;0;0;0;0;0;0;0;0;0;0;0;0;0;0;0;0;0;0;0;0#0;0;1;0;1;0;0;0;0;0;0;0;0;0;0;0;0;0;0;0;0;0;0;0;0;0;0;0;0;0;0#0;0;0;-2;1;0;0;0;0;0;0;0;0;0;0;0;0;0;0;0;0;0;0;0;0;0;0;0;0;0;0#0;0;0;0;3;2;1;0;0;0;0;0;0;0;0;0;0;0;0;0;0;0;0;0;0;0;0;0;0;0;0#0;0;0;0;0;-1;-2;0;1;0;0;0;0;0;0;0;0;0;0;0;0;0;0;0;0;0;0;0;0;0;0#0;0;0;0;0;0;2;-1;-1;0;0;0;0;0;0;0;0;0;0;0;0;0;0;0;0;0;0;0;0;0;0#0;0;0;0;0;0;0;-3;0;0;0;0;0;0;0;0;0;0;0;0;0;0;0;0;0;0;0;0;0;0;0#0;0;0;0;0;0;0;0;1;1;1;0;0;0;0;0;0;0;0;0;0;0;0;0;0;0;0;0;0;0;0#0;0;0;0;0;0;0;0;0;-2;2;0;0;0;0;0;0;0;0;0;0;0;0;0;0;0;0;0;0;0;0#0;0;0;0;0;0;0;0;0;0;3;-2;1;1;0;0;0;0;0;0;0;0;0;0;0;0;0;0;0;0;0#0;0;0;0;0;0;0;0;0;0;0;-1;-1;0;0;0;0;0;0;0;0;0;0;0;0;0;0;0;0;0;0#0;0;0;0;0;0;0;0;0;0;0;0;2;0;-1;0;0;0;0;0;0;0;0;0;0;0;0;0;0;0;0#0;0;0;0;0;0;0;0;0;0;0;0;0;-3;1;0;0;0;0;0;0;0;0;0;0;0;0;0;0;0;0#0;0;0;0;0;0;0;0;0;0;0;0;0;0;1;2;1;0;0;0;0;0;0;0;0;0;0;0;0;0;0#0;0;0;0;0;0;0;0;0;0;0;0;0;0;0;-2;-2;0;1;0;0;0;0;0;0;0;0;0;0;0;0#0;0;0;0;0;0;0;0;0;0;0;0;0;0;0;0;3;-1;1;0;0;0;0;0;0;0;0;0;0;0;0#0;0;0;0;0;0;0;0;0;0;0;0;0;0;0;0;0;-1;0;0;0;0;0;0;0;0;0;0;0;0;0#0;0;0;0;0;0;0;0;0;0;0;0;0;0;0;0;0;0;2;1;-1;0;0;0;0;0;0;0;0;0;0#0;0;0;0;0;0;0;0;0;0;0;0;0;0;0;0;0;0;0;-3;2;0;0;0;0;0;0;0;0;0;0#0;0;0;0;0;0;0;0;0;0;0;0;0;0;0;0;0;0;0;0;1;-2;1;1;0;0;0;0;0;0;0#0;0;0;0;0;0;0;0;0;0;0;0;0;0;0;0;0;0;0;0;0;-2;-1;0;0;0;0;0;0;0;0#0;0;0;0;0;0;0;0;0;0;0;0;0;0;0;0;0;0;0;0;0;0;3;0;1;0;0;0;0;0;0#0;0;0;0;0;0;0;0;0;0;0;0;0;0;0;0;0;0;0;0;0;0;0;-1;1;0;0;0;0;0;0#0;0;0;0;0;0;0;0;0;0;0;0;0;0;0;0;0;0;0;0;0;0;0;0;2;2;-1;0;0;0;0#0;0;0;0;0;0;0;0;0;0;0;0;0;0;0;0;0;0;0;0;0;0;0;0;0;-3;-2;0;1;0;0#0;0;0;0;0;0;0;0;0;0;0;0;0;0;0;0;0;0;0;0;0;0;0;0;0;0;1;-1;1;0;0#0;0;0;0;0;0;0;0;0;0;0;0;0;0;0;0;0;0;0;0;0;0;0;0;0;0;0;-2;0;0;0#0;0;0;0;0;0;0;0;0;0;0;0;0;0;0;0;0;0;0;0;0;0;0;0;0;0;0;0;3;1;1#0;0;0;0;0;0;0;0;0;0;0;0;0;0;0;0;0;0;0;0;0;0;0;0;0;0;0;0;0;-1;2#0;0;0;0;0;0;0;0;0;0;0;0;0;0;0;0;0;0;0;0;0;0;0;0;0;0;0;0;0;0;2,15;8;-1;-10;-6;9;-10;3;1;8;-5;-2;0;-10;-3;-3;13;3;8;-16;-11;0;-9;4;-1;5;-5;-8;-8;-10;-8
s31,32,-3;-1;1;1;0;0;0;0;0;0;0;0;0;0;0;0;0;0;0;0;0;0;0;0;0;0;0;0;0;0;0;0#0;1;0;0;0;0;0;0;0;0;0;0;0;0;0;0;0;0;0;0;0;0;0;0;0;0;0;0;0;0;0;0#0;0;-2;1;-1;0;0;0;0;0;0;0;0;0;0;0;0;0;0;0;0;0;0;0;0;0;0;0;0;0;0;0#0;0;0;3;2;0;0;0;0;0;0;0;0;0;0;0;0;0;0;0;0;0;0;0;0;0;0;0;0;0;0;0#0;0;0;0;-1;-2;1;0;0;0;0;0;0;0;0;0;0;0;0;0;0;0;0;0;0;0;0;0;0;0;0;0#0;0;0;0;0;2;-1;0;1;0;0;0;0;0;0;0;0;0;0;0;0;0;0;0;0;0;0;0;0;0;0;0#0;0;0;0;0;0;-3;0;1;0;0;0;0;0;0;0;0;0;0;0;0;0;0;0;0;0;0;0;0;0;0;0#0;0;0;0;0;0;0;1;1;0;0;0;0;0;0;0;0;0;0;0;0;0;0;0;0;0;0;0;0;0;0;0#0;0;0;0;0;0;0;0;-2;2;-1;0;0;0;0;0;0;0;0;0;0;0;0;0;0;0;0;0;0;0;0;0#0;0;0;0;0;0;0;0;0;3;-2;0;0;0;0;0;0;0;0;0;0;0;0;0;0;0;0;0;0;0;0;0#0;0;0;0;0;0;0;0;0;0;-1;-1;1;1;0;0;0;0;0;0;0;0;0;0;0;0;0;0;0;0;0;0#0;0;0;0;0;0;0;0;0;0;0;2;0;0;0;0;0;0;0;0;0;0;0;0;0;0;0;0;0;0;0;0#0;0;0;0;0;0;0;0;0;0;0;0;-3;1;1;0;0;0;0;0;0;0;0;0;0;0;0;0;0;0;0;0#0;0;0;0;0;0;0;0;0;0;0;0;0;1;2;0;0;0;0;0;0;0;0;0;0;0;0;0;0;0;0;0#0;0;0;0;0;0;0;0;0;0;0;0;0;0;-2;-2;-1;0;0;0;0;0;0;0;0;0;0;0;0;0;0;0#0;0;0;0;0;0;0;0;0;0;0;0;0;0;0;3;-1;0;1;0;0;0;0;0;0;0;0;0;0;0;0;0#0;0;0;0;0;0;0;0;0;0;0;0;0;0;0;0;-1;0;1;0;0;0;0;0;0;0;0;0;0;0;0;0#0;0;0;0;0;0;0;0;0;0;0;0;0;0;0;0;0;2;1;0;0;0;0;0;0;0;0;0;0;0;0;0#0;0;0;0;0;0;0;0;0;0;0;0;0;0;0;0;0;0;-3;2;1;0;0;0;0;0;0;0;0;0;0;0#0;0;0;0;0;0;0;0;0;0;0;0;0;0;0;0;0;0;0;1;-2;0;0;0;0;0;0;0;0;0;0;0#0;0;0;0;0;0;0;0;0;0;0;0;0;0;0;0;0;0;0;0;-2;-1;-1;1;0;0;0;0;0;0;0;0#0;0;0;0;0;0;0;0;0;0;0;0;0;0;0;0;0;0;0;0;0;3;0;0;0;0;0;0;0;0;0;0#0;0;0;0;0;0;0;0;0;0;0;0;0;0;0;0;0;0;0;0;0;0;-1;1;1;0;0;0;0;0;0;0#0;0;0;0;0;0;0;0;0;0;0;0;0;0;0;0;0;0;0;0;0;0;0;2;2;0;0;0;0;0;0;0#0;0;0;0;0;0;0;0;0;0;0;0;0;0;0;0;0;0;0;0;0;0;0;0;-3;-2;1;0;0;0;0;0#0;0;0;0;0;0;0;0;0;0;0;0;0;0;0;0;0;0;0;0;0;0;0;0;0;1;-1;0;1;0;0;0#0;0;0;0;0;0;0;0;0;0;0;0;0;0;0;0;0;0;0;0;0;0;0;0;0;0;-2;0;-1;0;0;0#0;0;0;0;0;0;0;0;0;0;0;0;0;0;0;0;0;0;0;0;0;0;0;0;0;0;0;3;1;0;0;0#0;0;0;0;0;0;0;0;0;0;0;0;0;0;0;0;0;0;0;0;0;0;0;0;0;0;0;0;-1;2;1;0#0;0;0;0;0;0;0;0;0;0;0;0;0;0;0;0;0;0;0;0;0;0;0;0;0;0;0;0;0;2;-2;0#0;0;0;0;0;0;0;0;0;0;0;0;0;0;0;0;0;0;0;0;0;0;0;0;0;0;0;0;0;0;-3;-1#0;0;0;0;0;0;0;0;0;0;0;0;0;0;0;0;0;0;0;0;0;0;0;0;0;0;0;0;0;0;0;1,-12;-2;-7;-14;-8;13;13;5;-14;-10;4;-8;3;-3;0;1;-2;-2;-15;-2;3;9;8;10;-6;-5;-3;-13;4;12;8;1
